Company,Website,Email,Status,Answer ?,First Line,Recipient Name,Greeting,RowNum,Stage,,,,,,,,,,,,,,,,,
Alexa Capital,https://www.alexa-capital.com/,info@alexa-capital.com,,,,,"Hi Alexa Capital team,",2,,,,,,,,,,,,,,,,,,
ARIE Capital,http://www.ariecapital.com/,info@ariecapital.com,,,,,"Hi ARIE Capital team,",3,,,,,,,,,,,,,,,,,,
LAVA Advisory Partners,http://www.lavaadvisory.com/,hello@lavaadvisory.com,,,,,"Hi LAVA Advisory Partners team,",4,,,,,,,,,,,,,,,,,,
Capstan Capital Partners,http://www.capstan-capital.com/,info@capstan-capital.com,,,,,"Hi Capstan Capital Partners team,",5,,,,,,,,,,,,,,,,,,
Arkstons Advisory,http://www.arkstons.com/,contact@arkstons.com,,,,,"Hi Arkstons Advisory team,",6,,,,,,,,,,,,,,,,,,
Dial Partners,http://www.dial-partners.com/,info@dial-partners.com,,,,,"Hi Dial Partners team,",7,,,,,,,,,,,,,,,,,,
Hines Associates Ltd.,http://www.hinesassociates.com/,info@hinesassociates.com,,,,,"Hi Hines Associates Ltd. team,",8,,,,,,,,,,,,,,,,,,
House Mining Investment,https://house-mining.com/,support@house-mining.com,,,,,"Hi House Mining Investment team,",9,,,,,,,,,,,,,,,,,,
Savo,https://www.savo.earth/,info@savo.earth,,,,,"Hi Savo team,",10,,,,,,,,,,,,,,,,,,
Winchester Capital,http://www.winchestercapital.com/,info@winchestercapital.com,,,,,"Hi Winchester Capital team,",11,,,,,,,,,,,,,,,,,,
Collins Dale Capital Partners,http://www.collinsdale.com/,info@collinsdale.com,,,,,"Hi Collins Dale Capital Partners team,",12,,,,,,,,,,,,,,,,,,
African Capital Investments,http://www.aci.africa/,info@aci.africa,,,,,"Hi African Capital Investments team,",13,,,,,,,,,,,,,,,,,,
Quercus International,http://www.quercuscf.co.uk/,hello@quercuscf.co.uk,,,,,"Hi Quercus International team,",14,,,,,,,,,,,,,,,,,,
Nucleus Finance,http://nucleusfinance.com/,info@nucleusfinance.com,,,,,"Hi Nucleus Finance team,",15,,,,,,,,,,,,,,,,,,
Orion Capital Partners (OCP),https://orioncappartners.com/,info@orioncappartners.com,,,,,"Hi Orion Capital Partners (OCP) team,",16,,,,,,,,,,,,,,,,,,
Magnus Partners Inc,http://www.magnus.partners/,team@latofonts.com,,,,,"Hi Magnus Partners Inc team,",17,,,,,,,,,,,,,,,,,,
Akinn Group,https://www.akinngroup.com/,hello@akinngroup.com,,,,,"Hi Akinn Group team,",18,,,,,,,,,,,,,,,,,,
Spencer House Partners LLP,http://www.spencerhousepartners.com/,info@mysite.com,,,,,"Hi Spencer House Partners LLP team,",19,,,,,,,,,,,,,,,,,,
Fraser Finance,https://www.fraserfinance.com/,hello@fraserfinance.com,,,,,"Hi Fraser Finance team,",20,,,,,,,,,,,,,,,,,,
HIGHSTEAD PARTNERS,http://www.highsteadpartners.co.uk/,info@highsteadpartners.co.uk,,,,,"Hi HIGHSTEAD PARTNERS team,",21,,,,,,,,,,,,,,,,,,
Wolfline Capital,https://wolfline.capital/,info@wolfline.capital,,,,,"Hi Wolfline Capital team,",22,,,,,,,,,,,,,,,,,,
Desmos Capital Partners,https://www.desmoscp.com/,info@desmoscp.com,,,,,"Hi Desmos Capital Partners team,",23,,,,,,,,,,,,,,,,,,
Whitman Howard,http://www.whitman-howard.com/,support@34sp.com,,,,,"Hi Whitman Howard team,",24,,,,,,,,,,,,,,,,,,
CLEO CAPITAL HOLDING,https://www.cleo-capital.com/,contact@cleo-capital.com,,,,,"Hi CLEO CAPITAL HOLDING team,",25,,,,,,,,,,,,,,,,,,
Anglo-Suisse Capital Limited,http://www.anglo-suisse.com/,info@anglo-suisse.com,,,,,"Hi Anglo-Suisse Capital Limited team,",26,,,,,,,,,,,,,,,,,,
Green Square Associates Limited,http://www.gsquare.co.uk/,info@gsquare.co.uk,,,,,"Hi Green Square Associates Limited team,",27,,,,,,,,,,,,,,,,,,
Exito Partners,http://www.exitopartners.com/,info@exitopartners.com,,,,,"Hi Exito Partners team,",28,,,,,,,,,,,,,,,,,,
J Goodwin & Co,https://jgoodwinandco.com/,info@jgoodwinandco.com,,,,,"Hi J Goodwin & Co team,",29,,,,,,,,,,,,,,,,,,
Load Capital,https://www.load-capital.com/,info@load-capital.com,,,,,"Hi Load Capital team,",30,,,,,,,,,,,,,,,,,,
finnCap Cavendish,http://www.cavendish.com/,contact@cavendish.com,,,,,"Hi finnCap Cavendish team,",31,,,,,,,,,,,,,,,,,,
Phoenix Partners LLC,http://www.phoenix-partners.com/,info@phoenix-partners.com,,,,,"Hi Phoenix Partners LLC team,",32,,,,,,,,,,,,,,,,,,
Oakbridge Capital Advisors Ltd,http://www.oakbridgecapital.com/,office@oakbridgecapital.com,,,,,"Hi Oakbridge Capital Advisors Ltd team,",33,,,,,,,,,,,,,,,,,,
Staples Capital Limited,http://www.staplescapital.com/,info@staplescapital.com,,,,,"Hi Staples Capital Limited team,",34,,,,,,,,,,,,,,,,,,
Banqum Group,https://www.banqum.net/,info@banqum.net,,,,,"Hi Banqum Group team,",35,,,,,,,,,,,,,,,,,,
Amaltheia Advisors,http://www.amaltheiallp.com/,Info@AmaltheiaFinancial.com,,,,,"Hi Amaltheia Advisors team,",36,,,,,,,,,,,,,,,,,,
KACH Capital Partners LLP,http://www.kachcapital.com/,info@kachcapital.com,,,,,"Hi KACH Capital Partners LLP team,",37,,,,,,,,,,,,,,,,,,
Aurelia Capital Partners,http://aureliacap.com/,info@aureliacap.com,,,,,"Hi Aurelia Capital Partners team,",38,,,,,,,,,,,,,,,,,,
Swordfish Investments Llp,http://www.swordfishinvestments.com/,info@aybe.com,,,,,"Hi Swordfish Investments Llp team,",39,,,,,,,,,,,,,,,,,,
Rockfield Advisors,http://www.rockfieldadvisors.com/,contact@rockfieldadvisors.com,,,,,"Hi Rockfield Advisors team,",40,,,,,,,,,,,,,,,,,,
Company EYE Ltd,https://www.companyeye.co.uk/,info@companyeye.co.uk,,,,,"Hi Company EYE Ltd team,",41,,,,,,,,,,,,,,,,,,
SOL CAPITAL MARKETS,http://solcapm.com/,info@solcapm.com,,,,,"Hi SOL CAPITAL MARKETS team,",42,,,,,,,,,,,,,,,,,,
Globalis CAPITAL,https://www.globalis.capital/,info@globalis.capital,,,,,"Hi Globalis CAPITAL team,",43,,,,,,,,,,,,,,,,,,
Panchariya Brothers Investment Holding Ltd,https://panchariyagroup.com/,info@Panchariyagroup.com,,,,,"Hi Panchariya Brothers Investment Holding Ltd team,",44,,,,,,,,,,,,,,,,,,
Moskito Ventures,https://www.moskitoventures.co.uk/,contact@moskitoventures.co.uk,,,,,"Hi Moskito Ventures team,",45,,,,,,,,,,,,,,,,,,
Bernard Baxter,http://www.bernardbaxter.co.uk/,contact@bernardbaxter.co.uk,,,,,"Hi Bernard Baxter team,",46,,,,,,,,,,,,,,,,,,
Cross Finanz,http://www.crossfinanz.com/,info@crossfinanz.com,,,,,"Hi Cross Finanz team,",47,,,,,,,,,,,,,,,,,,
Swiss Alpha Management,https://www.swissalpha.org/,info@swissalpha.org,,,,,"Hi Swiss Alpha Management team,",48,,,,,,,,,,,,,,,,,,
MOCOH BROKERS LTD,http://www.mocoh.com/,info@mocoh.com,,,,,"Hi MOCOH BROKERS LTD team,",49,,,,,,,,,,,,,,,,,,
Dry Associates Limited,http://www.dryassociates.com/,info@dryassociates.com,,,,,"Hi Dry Associates Limited team,",50,,,,,,,,,,,,,,,,,,
MBU Capital,https://www.mbucapital.com/,info@mbucapital.com,,,,,"Hi MBU Capital team,",51,,,,,,,,,,,,,,,,,,
,,,,,,,,52,,,,,,,,,,,,,,,,,,
,,,,,,,,53,,,,,,,,,,,,,,,,,,
,,,,,,,,54,,,,,,,,,,,,,,,,,,
,,,,,,,,55,,,,,,,,,,,,,,,,,,
Private equity insights ,https://pe-insights.com,info@pe-insights.com ,Emailed ,No answer ,,,"Hi Private equity insights  team,",56,,,,,,,,,,,,,,,,,,
16VC,https://www.16vc.co,info@16vc.co,Emailed ,No answer ,,,"Hi 16VC team,",57,,,,,,,,,,,,,,,,,,
Tiger infrastructure ,https://www.tigerinfrastructure.com,info@tigerinfrastructure.com,Emailed ,No answer ,,,"Hi Tiger infrastructure  team,",58,,,,,,,,,,,,,,,,,,
yh2 capital,https://yh2capital.com/contact/,info@yh2capital.com,Emailed ,No answer ,,,"Hi yh2 capital team,",59,,,,,,,,,,,,,,,,,,
Eaton Recruitment,https://eatonrecruitment.com/contact-us/,daniel@eatonrecruitment.com,Emailed ,REJECTION,27/10/2025,,"Hi Eaton Recruitment team,",60,,,,,,,,,,,,,,,,,,
Proton partners ,https://www.protonpartners.com,inquire@protonpartners.com,Emailed ,No answer ,27/10/2025,,"Hi Proton partners  team,",61,,,,,,,,,,,,,,,,,,
AHV associates ,https://www.ahvassociates.com,info@ahvassociates.com ,Emailed ,No answer ,27/10/2025,,"Hi AHV associates  team,",62,,,,,,,,,,,,,,,,,,
TVC ,https://www.theventurecollective.com,hello@theventurecollective.com,Emailed ,No answer ,30/10/2025,,"Hi TVC  team,",63,,,,,,,,,,,,,,,,,,
Sapphire ventures,https://sapphireventures.com,INFO@SAPPHIREVENTURES.COM,Emailed ,No answer ,30/10/2025,,"Hi Sapphire ventures team,",64,,,,,,,,,,,,,,,,,,
HSA advisory,https://hsa-advisory.co.uk/contact/,hello@hsa-advisory.co.uk,Emailed ,No answer ,10/11/2025,,"Hi HSA advisory team,",65,,,,,,,,,,,,,,,,,,
WSD group,https://wsd.com/about,https://wsd.com/about,Emailed ,No answer ,10/11/2025,,"Hi WSD group team,",66,,,,,,,,,,,,,,,,,,
Blue lion ,https://www.bluelion.co,info@bluelion.co,Emailed ,No answer ,12/11/2025,,"Hi Blue lion  team,",67,,,,,,,,,,,,,,,,,,
,,,,,,,,68,,,,,,,,,,,,,,,,,,
,,,,,,,,69,,,,,,,,,,,,,,,,,,
,,,,,,,,70,,,,,,,,,,,,,,,,,,
,,,,,,,,71,,,,,,,,,,,,,,,,,,
,,,,,,,,72,,,,,,,,,,,,,,,,,,
,,,,,,,,73,,,,,,,,,,,,,,,,,,
,,,,,,,,74,,,,,,,,,,,,,,,,,,
,,,,,,,,75,,,,,,,,,,,,,,,,,,
,,,,,,,,76,,,,,,,,,,,,,,,,,,
,,,,,,,,77,,,,,,,,,,,,,,,,,,
,,,,,,,,78,,,,,,,,,,,,,,,,,,
,,,,,,,,79,,,,,,,,,,,,,,,,,,
,,,,,,,,80,,,,,,,,,,,,,,,,,,
,,,,,,,,81,,,,,,,,,,,,,,,,,,
,,,,,,,,82,,,,,,,,,,,,,,,,,,
,,,,,,,,83,,,,,,,,,,,,,,,,,,
,,,,,,,,84,,,,,,,,,,,,,,,,,,
,,,,,,,,85,,,,,,,,,,,,,,,,,,
,,,,,,,,86,,,,,,,,,,,,,,,,,,
,,,,,,,,87,,,,,,,,,,,,,,,,,,
,,,,,,,,88,,,,,,,,,,,,,,,,,,
,,,,,,,,89,,,,,,,,,,,,,,,,,,
,,,,,,,,90,,,,,,,,,,,,,,,,,,
,,,,,,,,91,,,,,,,,,,,,,,,,,,
,,,,,,,,92,,,,,,,,,,,,,,,,,,
,,,,,,,,93,,,,,,,,,,,,,,,,,,
,,,,,,,,94,,,,,,,,,,,,,,,,,,
,,,,,,,,95,,,,,,,,,,,,,,,,,,
,,,,,,,,96,,,,,,,,,,,,,,,,,,
,,,,,,,,97,,,,,,,,,,,,,,,,,,
,,,,,,,,98,,,,,,,,,,,,,,,,,,
,,,,,,,,99,,,,,,,,,,,,,,,,,,
,,,,,,,,100,,,,,,,,,,,,,,,,,,
,,,,,,,,101,,,,,,,,,,,,,,,,,,
,,,,,,,,102,,,,,,,,,,,,,,,,,,
,,,,,,,,103,,,,,,,,,,,,,,,,,,
,,,,,,,,104,,,,,,,,,,,,,,,,,,
,,,,,,,,105,,,,,,,,,,,,,,,,,,
,,,,,,,,106,,,,,,,,,,,,,,,,,,
,,,,,,,,107,,,,,,,,,,,,,,,,,,
,,,,,,,,108,,,,,,,,,,,,,,,,,,
,,,,,,,,109,,,,,,,,,,,,,,,,,,
,,,,,,,,110,,,,,,,,,,,,,,,,,,
,,,,,,,,111,,,,,,,,,,,,,,,,,,
,,,,,,,,112,,,,,,,,,,,,,,,,,,
,,,,,,,,113,,,,,,,,,,,,,,,,,,
,,,,,,,,114,,,,,,,,,,,,,,,,,,
,,,,,,,,115,,,,,,,,,,,,,,,,,,
,,,,,,,,116,,,,,,,,,,,,,,,,,,
,,,,,,,,117,,,,,,,,,,,,,,,,,,
,,,,,,,,118,,,,,,,,,,,,,,,,,,
,,,,,,,,119,,,,,,,,,,,,,,,,,,
,,,,,,,,120,,,,,,,,,,,,,,,,,,
,,,,,,,,121,,,,,,,,,,,,,,,,,,
,,,,,,,,122,,,,,,,,,,,,,,,,,,
,,,,,,,,123,,,,,,,,,,,,,,,,,,
,,,,,,,,124,,,,,,,,,,,,,,,,,,
,,,,,,,,125,,,,,,,,,,,,,,,,,,
,,,,,,,,126,,,,,,,,,,,,,,,,,,
,,,,,,,,127,,,,,,,,,,,,,,,,,,
,,,,,,,,128,,,,,,,,,,,,,,,,,,
,,,,,,,,129,,,,,,,,,,,,,,,,,,
,,,,,,,,130,,,,,,,,,,,,,,,,,,
,,,,,,,,131,,,,,,,,,,,,,,,,,,
,,,,,,,,132,,,,,,,,,,,,,,,,,,
,,,,,,,,133,,,,,,,,,,,,,,,,,,
,,,,,,,,134,,,,,,,,,,,,,,,,,,
,,,,,,,,135,,,,,,,,,,,,,,,,,,
,,,,,,,,136,,,,,,,,,,,,,,,,,,
,,,,,,,,137,,,,,,,,,,,,,,,,,,
,,,,,,,,138,,,,,,,,,,,,,,,,,,
,,,,,,,,139,,,,,,,,,,,,,,,,,,
,,,,,,,,140,,,,,,,,,,,,,,,,,,
,,,,,,,,141,,,,,,,,,,,,,,,,,,
,,,,,,,,142,,,,,,,,,,,,,,,,,,
,,,,,,,,143,,,,,,,,,,,,,,,,,,
,,,,,,,,144,,,,,,,,,,,,,,,,,,
,,,,,,,,145,,,,,,,,,,,,,,,,,,
,,,,,,,,146,,,,,,,,,,,,,,,,,,
,,,,,,,,147,,,,,,,,,,,,,,,,,,
,,,,,,,,148,,,,,,,,,,,,,,,,,,
,,,,,,,,149,,,,,,,,,,,,,,,,,,
,,,,,,,,150,,,,,,,,,,,,,,,,,,
,,,,,,,,151,,,,,,,,,,,,,,,,,,
,,,,,,,,152,,,,,,,,,,,,,,,,,,
,,,,,,,,153,,,,,,,,,,,,,,,,,,
,,,,,,,,154,,,,,,,,,,,,,,,,,,
,,,,,,,,155,,,,,,,,,,,,,,,,,,
,,,,,,,,156,,,,,,,,,,,,,,,,,,
,,,,,,,,157,,,,,,,,,,,,,,,,,,
,,,,,,,,158,,,,,,,,,,,,,,,,,,
,,,,,,,,159,,,,,,,,,,,,,,,,,,
,,,,,,,,160,,,,,,,,,,,,,,,,,,
,,,,,,,,161,,,,,,,,,,,,,,,,,,
,,,,,,,,162,,,,,,,,,,,,,,,,,,
,,,,,,,,163,,,,,,,,,,,,,,,,,,
,,,,,,,,164,,,,,,,,,,,,,,,,,,
,,,,,,,,165,,,,,,,,,,,,,,,,,,
,,,,,,,,166,,,,,,,,,,,,,,,,,,
,,,,,,,,167,,,,,,,,,,,,,,,,,,
,,,,,,,,168,,,,,,,,,,,,,,,,,,
,,,,,,,,169,,,,,,,,,,,,,,,,,,
,,,,,,,,170,,,,,,,,,,,,,,,,,,
,,,,,,,,171,,,,,,,,,,,,,,,,,,
,,,,,,,,172,,,,,,,,,,,,,,,,,,
,,,,,,,,173,,,,,,,,,,,,,,,,,,
,,,,,,,,174,,,,,,,,,,,,,,,,,,
,,,,,,,,175,,,,,,,,,,,,,,,,,,
,,,,,,,,176,,,,,,,,,,,,,,,,,,
,,,,,,,,177,,,,,,,,,,,,,,,,,,
,,,,,,,,178,,,,,,,,,,,,,,,,,,
,,,,,,,,179,,,,,,,,,,,,,,,,,,
,,,,,,,,180,,,,,,,,,,,,,,,,,,
,,,,,,,,181,,,,,,,,,,,,,,,,,,
,,,,,,,,182,,,,,,,,,,,,,,,,,,
,,,,,,,,183,,,,,,,,,,,,,,,,,,
,,,,,,,,184,,,,,,,,,,,,,,,,,,
,,,,,,,,185,,,,,,,,,,,,,,,,,,
,,,,,,,,186,,,,,,,,,,,,,,,,,,
,,,,,,,,187,,,,,,,,,,,,,,,,,,
,,,,,,,,188,,,,,,,,,,,,,,,,,,
,,,,,,,,189,,,,,,,,,,,,,,,,,,
,,,,,,,,190,,,,,,,,,,,,,,,,,,
,,,,,,,,191,,,,,,,,,,,,,,,,,,
,,,,,,,,192,,,,,,,,,,,,,,,,,,
,,,,,,,,193,,,,,,,,,,,,,,,,,,
,,,,,,,,194,,,,,,,,,,,,,,,,,,
,,,,,,,,195,,,,,,,,,,,,,,,,,,
,,,,,,,,196,,,,,,,,,,,,,,,,,,
,,,,,,,,197,,,,,,,,,,,,,,,,,,
,,,,,,,,198,,,,,,,,,,,,,,,,,,
,,,,,,,,199,,,,,,,,,,,,,,,,,,
,,,,,,,,200,,,,,,,,,,,,,,,,,,
,,,,,,,,201,,,,,,,,,,,,,,,,,,
,,,,,,,,202,,,,,,,,,,,,,,,,,,
,,,,,,,,203,,,,,,,,,,,,,,,,,,
,,,,,,,,204,,,,,,,,,,,,,,,,,,
,,,,,,,,205,,,,,,,,,,,,,,,,,,
,,,,,,,,206,,,,,,,,,,,,,,,,,,
,,,,,,,,207,,,,,,,,,,,,,,,,,,
,,,,,,,,208,,,,,,,,,,,,,,,,,,
,,,,,,,,209,,,,,,,,,,,,,,,,,,
,,,,,,,,210,,,,,,,,,,,,,,,,,,
,,,,,,,,211,,,,,,,,,,,,,,,,,,
,,,,,,,,212,,,,,,,,,,,,,,,,,,
,,,,,,,,213,,,,,,,,,,,,,,,,,,
,,,,,,,,214,,,,,,,,,,,,,,,,,,
,,,,,,,,215,,,,,,,,,,,,,,,,,,
,,,,,,,,216,,,,,,,,,,,,,,,,,,
,,,,,,,,217,,,,,,,,,,,,,,,,,,
,,,,,,,,218,,,,,,,,,,,,,,,,,,
,,,,,,,,219,,,,,,,,,,,,,,,,,,
,,,,,,,,220,,,,,,,,,,,,,,,,,,
,,,,,,,,221,,,,,,,,,,,,,,,,,,
,,,,,,,,222,,,,,,,,,,,,,,,,,,
,,,,,,,,223,,,,,,,,,,,,,,,,,,
,,,,,,,,224,,,,,,,,,,,,,,,,,,
,,,,,,,,225,,,,,,,,,,,,,,,,,,
,,,,,,,,226,,,,,,,,,,,,,,,,,,
,,,,,,,,227,,,,,,,,,,,,,,,,,,
,,,,,,,,228,,,,,,,,,,,,,,,,,,
,,,,,,,,229,,,,,,,,,,,,,,,,,,
,,,,,,,,230,,,,,,,,,,,,,,,,,,
,,,,,,,,231,,,,,,,,,,,,,,,,,,
,,,,,,,,232,,,,,,,,,,,,,,,,,,
,,,,,,,,233,,,,,,,,,,,,,,,,,,
,,,,,,,,234,,,,,,,,,,,,,,,,,,
,,,,,,,,235,,,,,,,,,,,,,,,,,,
,,,,,,,,236,,,,,,,,,,,,,,,,,,
,,,,,,,,237,,,,,,,,,,,,,,,,,,
,,,,,,,,238,,,,,,,,,,,,,,,,,,
,,,,,,,,239,,,,,,,,,,,,,,,,,,
,,,,,,,,240,,,,,,,,,,,,,,,,,,
,,,,,,,,241,,,,,,,,,,,,,,,,,,
,,,,,,,,242,,,,,,,,,,,,,,,,,,
,,,,,,,,243,,,,,,,,,,,,,,,,,,
,,,,,,,,244,,,,,,,,,,,,,,,,,,
,,,,,,,,245,,,,,,,,,,,,,,,,,,
,,,,,,,,246,,,,,,,,,,,,,,,,,,
,,,,,,,,247,,,,,,,,,,,,,,,,,,
,,,,,,,,248,,,,,,,,,,,,,,,,,,
,,,,,,,,249,,,,,,,,,,,,,,,,,,
,,,,,,,,250,,,,,,,,,,,,,,,,,,
,,,,,,,,251,,,,,,,,,,,,,,,,,,
,,,,,,,,252,,,,,,,,,,,,,,,,,,
,,,,,,,,253,,,,,,,,,,,,,,,,,,
,,,,,,,,254,,,,,,,,,,,,,,,,,,
,,,,,,,,255,,,,,,,,,,,,,,,,,,
,,,,,,,,256,,,,,,,,,,,,,,,,,,
,,,,,,,,257,,,,,,,,,,,,,,,,,,
,,,,,,,,258,,,,,,,,,,,,,,,,,,
,,,,,,,,259,,,,,,,,,,,,,,,,,,
,,,,,,,,260,,,,,,,,,,,,,,,,,,
,,,,,,,,261,,,,,,,,,,,,,,,,,,
,,,,,,,,262,,,,,,,,,,,,,,,,,,
,,,,,,,,263,,,,,,,,,,,,,,,,,,
,,,,,,,,264,,,,,,,,,,,,,,,,,,
,,,,,,,,265,,,,,,,,,,,,,,,,,,
,,,,,,,,266,,,,,,,,,,,,,,,,,,
,,,,,,,,267,,,,,,,,,,,,,,,,,,
,,,,,,,,268,,,,,,,,,,,,,,,,,,
,,,,,,,,269,,,,,,,,,,,,,,,,,,
,,,,,,,,270,,,,,,,,,,,,,,,,,,
,,,,,,,,271,,,,,,,,,,,,,,,,,,
,,,,,,,,272,,,,,,,,,,,,,,,,,,
,,,,,,,,273,,,,,,,,,,,,,,,,,,
,,,,,,,,274,,,,,,,,,,,,,,,,,,
,,,,,,,,275,,,,,,,,,,,,,,,,,,
,,,,,,,,276,,,,,,,,,,,,,,,,,,
,,,,,,,,277,,,,,,,,,,,,,,,,,,
,,,,,,,,278,,,,,,,,,,,,,,,,,,
,,,,,,,,279,,,,,,,,,,,,,,,,,,
,,,,,,,,280,,,,,,,,,,,,,,,,,,
,,,,,,,,281,,,,,,,,,,,,,,,,,,
,,,,,,,,282,,,,,,,,,,,,,,,,,,
,,,,,,,,283,,,,,,,,,,,,,,,,,,
,,,,,,,,284,,,,,,,,,,,,,,,,,,
,,,,,,,,285,,,,,,,,,,,,,,,,,,
,,,,,,,,286,,,,,,,,,,,,,,,,,,
,,,,,,,,287,,,,,,,,,,,,,,,,,,
,,,,,,,,288,,,,,,,,,,,,,,,,,,
,,,,,,,,289,,,,,,,,,,,,,,,,,,
,,,,,,,,290,,,,,,,,,,,,,,,,,,
,,,,,,,,291,,,,,,,,,,,,,,,,,,
,,,,,,,,292,,,,,,,,,,,,,,,,,,
,,,,,,,,293,,,,,,,,,,,,,,,,,,
,,,,,,,,294,,,,,,,,,,,,,,,,,,
,,,,,,,,295,,,,,,,,,,,,,,,,,,
,,,,,,,,296,,,,,,,,,,,,,,,,,,
,,,,,,,,297,,,,,,,,,,,,,,,,,,
,,,,,,,,298,,,,,,,,,,,,,,,,,,
,,,,,,,,299,,,,,,,,,,,,,,,,,,
,,,,,,,,300,,,,,,,,,,,,,,,,,,
,,,,,,,,301,,,,,,,,,,,,,,,,,,
,,,,,,,,302,,,,,,,,,,,,,,,,,,
,,,,,,,,303,,,,,,,,,,,,,,,,,,
,,,,,,,,304,,,,,,,,,,,,,,,,,,
,,,,,,,,305,,,,,,,,,,,,,,,,,,
,,,,,,,,306,,,,,,,,,,,,,,,,,,
,,,,,,,,307,,,,,,,,,,,,,,,,,,
,,,,,,,,308,,,,,,,,,,,,,,,,,,
,,,,,,,,309,,,,,,,,,,,,,,,,,,
,,,,,,,,310,,,,,,,,,,,,,,,,,,
,,,,,,,,311,,,,,,,,,,,,,,,,,,
,,,,,,,,312,,,,,,,,,,,,,,,,,,
,,,,,,,,313,,,,,,,,,,,,,,,,,,
,,,,,,,,314,,,,,,,,,,,,,,,,,,
,,,,,,,,315,,,,,,,,,,,,,,,,,,
,,,,,,,,316,,,,,,,,,,,,,,,,,,
,,,,,,,,317,,,,,,,,,,,,,,,,,,
,,,,,,,,318,,,,,,,,,,,,,,,,,,
,,,,,,,,319,,,,,,,,,,,,,,,,,,
,,,,,,,,320,,,,,,,,,,,,,,,,,,
,,,,,,,,321,,,,,,,,,,,,,,,,,,
,,,,,,,,322,,,,,,,,,,,,,,,,,,
,,,,,,,,323,,,,,,,,,,,,,,,,,,
,,,,,,,,324,,,,,,,,,,,,,,,,,,
,,,,,,,,325,,,,,,,,,,,,,,,,,,
,,,,,,,,326,,,,,,,,,,,,,,,,,,
,,,,,,,,327,,,,,,,,,,,,,,,,,,
,,,,,,,,328,,,,,,,,,,,,,,,,,,
,,,,,,,,329,,,,,,,,,,,,,,,,,,
,,,,,,,,330,,,,,,,,,,,,,,,,,,
,,,,,,,,331,,,,,,,,,,,,,,,,,,
,,,,,,,,332,,,,,,,,,,,,,,,,,,
,,,,,,,,333,,,,,,,,,,,,,,,,,,
,,,,,,,,334,,,,,,,,,,,,,,,,,,
,,,,,,,,335,,,,,,,,,,,,,,,,,,
,,,,,,,,336,,,,,,,,,,,,,,,,,,
,,,,,,,,337,,,,,,,,,,,,,,,,,,
,,,,,,,,338,,,,,,,,,,,,,,,,,,
,,,,,,,,339,,,,,,,,,,,,,,,,,,
,,,,,,,,340,,,,,,,,,,,,,,,,,,
,,,,,,,,341,,,,,,,,,,,,,,,,,,
,,,,,,,,342,,,,,,,,,,,,,,,,,,
,,,,,,,,343,,,,,,,,,,,,,,,,,,
,,,,,,,,344,,,,,,,,,,,,,,,,,,
,,,,,,,,345,,,,,,,,,,,,,,,,,,
,,,,,,,,346,,,,,,,,,,,,,,,,,,
,,,,,,,,347,,,,,,,,,,,,,,,,,,
,,,,,,,,348,,,,,,,,,,,,,,,,,,
,,,,,,,,349,,,,,,,,,,,,,,,,,,
,,,,,,,,350,,,,,,,,,,,,,,,,,,
,,,,,,,,351,,,,,,,,,,,,,,,,,,
,,,,,,,,352,,,,,,,,,,,,,,,,,,
,,,,,,,,353,,,,,,,,,,,,,,,,,,
,,,,,,,,354,,,,,,,,,,,,,,,,,,
,,,,,,,,355,,,,,,,,,,,,,,,,,,
,,,,,,,,356,,,,,,,,,,,,,,,,,,
,,,,,,,,357,,,,,,,,,,,,,,,,,,
,,,,,,,,358,,,,,,,,,,,,,,,,,,
,,,,,,,,359,,,,,,,,,,,,,,,,,,
,,,,,,,,360,,,,,,,,,,,,,,,,,,
,,,,,,,,361,,,,,,,,,,,,,,,,,,
,,,,,,,,362,,,,,,,,,,,,,,,,,,
,,,,,,,,363,,,,,,,,,,,,,,,,,,
,,,,,,,,364,,,,,,,,,,,,,,,,,,
,,,,,,,,365,,,,,,,,,,,,,,,,,,
,,,,,,,,366,,,,,,,,,,,,,,,,,,
,,,,,,,,367,,,,,,,,,,,,,,,,,,
,,,,,,,,368,,,,,,,,,,,,,,,,,,
,,,,,,,,369,,,,,,,,,,,,,,,,,,
,,,,,,,,370,,,,,,,,,,,,,,,,,,
,,,,,,,,371,,,,,,,,,,,,,,,,,,
,,,,,,,,372,,,,,,,,,,,,,,,,,,
,,,,,,,,373,,,,,,,,,,,,,,,,,,
,,,,,,,,374,,,,,,,,,,,,,,,,,,
,,,,,,,,375,,,,,,,,,,,,,,,,,,
,,,,,,,,376,,,,,,,,,,,,,,,,,,
,,,,,,,,377,,,,,,,,,,,,,,,,,,
,,,,,,,,378,,,,,,,,,,,,,,,,,,
,,,,,,,,379,,,,,,,,,,,,,,,,,,
,,,,,,,,380,,,,,,,,,,,,,,,,,,
,,,,,,,,381,,,,,,,,,,,,,,,,,,
,,,,,,,,382,,,,,,,,,,,,,,,,,,
,,,,,,,,383,,,,,,,,,,,,,,,,,,
,,,,,,,,384,,,,,,,,,,,,,,,,,,
,,,,,,,,385,,,,,,,,,,,,,,,,,,
,,,,,,,,386,,,,,,,,,,,,,,,,,,
,,,,,,,,387,,,,,,,,,,,,,,,,,,
,,,,,,,,388,,,,,,,,,,,,,,,,,,
,,,,,,,,389,,,,,,,,,,,,,,,,,,
,,,,,,,,390,,,,,,,,,,,,,,,,,,
,,,,,,,,391,,,,,,,,,,,,,,,,,,
,,,,,,,,392,,,,,,,,,,,,,,,,,,
,,,,,,,,393,,,,,,,,,,,,,,,,,,
,,,,,,,,394,,,,,,,,,,,,,,,,,,
,,,,,,,,395,,,,,,,,,,,,,,,,,,
,,,,,,,,396,,,,,,,,,,,,,,,,,,
,,,,,,,,397,,,,,,,,,,,,,,,,,,
,,,,,,,,398,,,,,,,,,,,,,,,,,,
,,,,,,,,399,,,,,,,,,,,,,,,,,,
,,,,,,,,400,,,,,,,,,,,,,,,,,,
,,,,,,,,401,,,,,,,,,,,,,,,,,,
,,,,,,,,402,,,,,,,,,,,,,,,,,,
,,,,,,,,403,,,,,,,,,,,,,,,,,,
,,,,,,,,404,,,,,,,,,,,,,,,,,,
,,,,,,,,405,,,,,,,,,,,,,,,,,,
,,,,,,,,406,,,,,,,,,,,,,,,,,,
,,,,,,,,407,,,,,,,,,,,,,,,,,,
,,,,,,,,408,,,,,,,,,,,,,,,,,,
,,,,,,,,409,,,,,,,,,,,,,,,,,,
,,,,,,,,410,,,,,,,,,,,,,,,,,,
,,,,,,,,411,,,,,,,,,,,,,,,,,,
,,,,,,,,412,,,,,,,,,,,,,,,,,,
,,,,,,,,413,,,,,,,,,,,,,,,,,,
,,,,,,,,414,,,,,,,,,,,,,,,,,,
,,,,,,,,415,,,,,,,,,,,,,,,,,,
,,,,,,,,416,,,,,,,,,,,,,,,,,,
,,,,,,,,417,,,,,,,,,,,,,,,,,,
,,,,,,,,418,,,,,,,,,,,,,,,,,,
,,,,,,,,419,,,,,,,,,,,,,,,,,,
,,,,,,,,420,,,,,,,,,,,,,,,,,,
,,,,,,,,421,,,,,,,,,,,,,,,,,,
,,,,,,,,422,,,,,,,,,,,,,,,,,,
,,,,,,,,423,,,,,,,,,,,,,,,,,,
,,,,,,,,424,,,,,,,,,,,,,,,,,,
,,,,,,,,425,,,,,,,,,,,,,,,,,,
,,,,,,,,426,,,,,,,,,,,,,,,,,,
,,,,,,,,427,,,,,,,,,,,,,,,,,,
,,,,,,,,428,,,,,,,,,,,,,,,,,,
,,,,,,,,429,,,,,,,,,,,,,,,,,,
,,,,,,,,430,,,,,,,,,,,,,,,,,,
,,,,,,,,431,,,,,,,,,,,,,,,,,,
,,,,,,,,432,,,,,,,,,,,,,,,,,,
,,,,,,,,433,,,,,,,,,,,,,,,,,,
,,,,,,,,434,,,,,,,,,,,,,,,,,,
,,,,,,,,435,,,,,,,,,,,,,,,,,,
,,,,,,,,436,,,,,,,,,,,,,,,,,,
,,,,,,,,437,,,,,,,,,,,,,,,,,,
,,,,,,,,438,,,,,,,,,,,,,,,,,,
,,,,,,,,439,,,,,,,,,,,,,,,,,,
,,,,,,,,440,,,,,,,,,,,,,,,,,,
,,,,,,,,441,,,,,,,,,,,,,,,,,,
,,,,,,,,442,,,,,,,,,,,,,,,,,,
,,,,,,,,443,,,,,,,,,,,,,,,,,,
,,,,,,,,444,,,,,,,,,,,,,,,,,,
,,,,,,,,445,,,,,,,,,,,,,,,,,,
,,,,,,,,446,,,,,,,,,,,,,,,,,,
,,,,,,,,447,,,,,,,,,,,,,,,,,,
,,,,,,,,448,,,,,,,,,,,,,,,,,,
,,,,,,,,449,,,,,,,,,,,,,,,,,,
,,,,,,,,450,,,,,,,,,,,,,,,,,,
,,,,,,,,451,,,,,,,,,,,,,,,,,,
,,,,,,,,452,,,,,,,,,,,,,,,,,,
,,,,,,,,453,,,,,,,,,,,,,,,,,,
,,,,,,,,454,,,,,,,,,,,,,,,,,,
,,,,,,,,455,,,,,,,,,,,,,,,,,,
,,,,,,,,456,,,,,,,,,,,,,,,,,,
,,,,,,,,457,,,,,,,,,,,,,,,,,,
,,,,,,,,458,,,,,,,,,,,,,,,,,,
,,,,,,,,459,,,,,,,,,,,,,,,,,,
,,,,,,,,460,,,,,,,,,,,,,,,,,,
,,,,,,,,461,,,,,,,,,,,,,,,,,,
,,,,,,,,462,,,,,,,,,,,,,,,,,,
,,,,,,,,463,,,,,,,,,,,,,,,,,,
,,,,,,,,464,,,,,,,,,,,,,,,,,,
,,,,,,,,465,,,,,,,,,,,,,,,,,,
,,,,,,,,466,,,,,,,,,,,,,,,,,,
,,,,,,,,467,,,,,,,,,,,,,,,,,,
,,,,,,,,468,,,,,,,,,,,,,,,,,,
,,,,,,,,469,,,,,,,,,,,,,,,,,,
,,,,,,,,470,,,,,,,,,,,,,,,,,,
,,,,,,,,471,,,,,,,,,,,,,,,,,,
,,,,,,,,472,,,,,,,,,,,,,,,,,,
,,,,,,,,473,,,,,,,,,,,,,,,,,,
,,,,,,,,474,,,,,,,,,,,,,,,,,,
,,,,,,,,475,,,,,,,,,,,,,,,,,,
,,,,,,,,476,,,,,,,,,,,,,,,,,,
,,,,,,,,477,,,,,,,,,,,,,,,,,,
,,,,,,,,478,,,,,,,,,,,,,,,,,,
,,,,,,,,479,,,,,,,,,,,,,,,,,,
,,,,,,,,480,,,,,,,,,,,,,,,,,,
,,,,,,,,481,,,,,,,,,,,,,,,,,,
,,,,,,,,482,,,,,,,,,,,,,,,,,,
,,,,,,,,483,,,,,,,,,,,,,,,,,,
,,,,,,,,484,,,,,,,,,,,,,,,,,,
,,,,,,,,485,,,,,,,,,,,,,,,,,,
,,,,,,,,486,,,,,,,,,,,,,,,,,,
,,,,,,,,487,,,,,,,,,,,,,,,,,,
,,,,,,,,488,,,,,,,,,,,,,,,,,,
,,,,,,,,489,,,,,,,,,,,,,,,,,,
,,,,,,,,490,,,,,,,,,,,,,,,,,,
,,,,,,,,491,,,,,,,,,,,,,,,,,,
,,,,,,,,492,,,,,,,,,,,,,,,,,,
,,,,,,,,493,,,,,,,,,,,,,,,,,,
,,,,,,,,494,,,,,,,,,,,,,,,,,,
,,,,,,,,495,,,,,,,,,,,,,,,,,,
,,,,,,,,496,,,,,,,,,,,,,,,,,,
,,,,,,,,497,,,,,,,,,,,,,,,,,,
,,,,,,,,498,,,,,,,,,,,,,,,,,,
,,,,,,,,499,,,,,,,,,,,,,,,,,,
,,,,,,,,500,,,,,,,,,,,,,,,,,,
,,,,,,,,501,,,,,,,,,,,,,,,,,,
,,,,,,,,502,,,,,,,,,,,,,,,,,,
,,,,,,,,503,,,,,,,,,,,,,,,,,,
,,,,,,,,504,,,,,,,,,,,,,,,,,,
,,,,,,,,505,,,,,,,,,,,,,,,,,,
,,,,,,,,506,,,,,,,,,,,,,,,,,,
,,,,,,,,507,,,,,,,,,,,,,,,,,,
,,,,,,,,508,,,,,,,,,,,,,,,,,,
,,,,,,,,509,,,,,,,,,,,,,,,,,,
,,,,,,,,510,,,,,,,,,,,,,,,,,,
,,,,,,,,511,,,,,,,,,,,,,,,,,,
,,,,,,,,512,,,,,,,,,,,,,,,,,,
,,,,,,,,513,,,,,,,,,,,,,,,,,,
,,,,,,,,514,,,,,,,,,,,,,,,,,,
,,,,,,,,515,,,,,,,,,,,,,,,,,,
,,,,,,,,516,,,,,,,,,,,,,,,,,,
,,,,,,,,517,,,,,,,,,,,,,,,,,,
,,,,,,,,518,,,,,,,,,,,,,,,,,,
,,,,,,,,519,,,,,,,,,,,,,,,,,,
,,,,,,,,520,,,,,,,,,,,,,,,,,,
,,,,,,,,521,,,,,,,,,,,,,,,,,,
,,,,,,,,522,,,,,,,,,,,,,,,,,,
,,,,,,,,523,,,,,,,,,,,,,,,,,,
,,,,,,,,524,,,,,,,,,,,,,,,,,,
,,,,,,,,525,,,,,,,,,,,,,,,,,,
,,,,,,,,526,,,,,,,,,,,,,,,,,,
,,,,,,,,527,,,,,,,,,,,,,,,,,,
,,,,,,,,528,,,,,,,,,,,,,,,,,,
,,,,,,,,529,,,,,,,,,,,,,,,,,,
,,,,,,,,530,,,,,,,,,,,,,,,,,,
,,,,,,,,531,,,,,,,,,,,,,,,,,,
,,,,,,,,532,,,,,,,,,,,,,,,,,,
,,,,,,,,533,,,,,,,,,,,,,,,,,,
,,,,,,,,534,,,,,,,,,,,,,,,,,,
,,,,,,,,535,,,,,,,,,,,,,,,,,,
,,,,,,,,536,,,,,,,,,,,,,,,,,,
,,,,,,,,537,,,,,,,,,,,,,,,,,,
,,,,,,,,538,,,,,,,,,,,,,,,,,,
,,,,,,,,539,,,,,,,,,,,,,,,,,,
,,,,,,,,540,,,,,,,,,,,,,,,,,,
,,,,,,,,541,,,,,,,,,,,,,,,,,,
,,,,,,,,542,,,,,,,,,,,,,,,,,,
,,,,,,,,543,,,,,,,,,,,,,,,,,,
,,,,,,,,544,,,,,,,,,,,,,,,,,,
,,,,,,,,545,,,,,,,,,,,,,,,,,,
,,,,,,,,546,,,,,,,,,,,,,,,,,,
,,,,,,,,547,,,,,,,,,,,,,,,,,,
,,,,,,,,548,,,,,,,,,,,,,,,,,,
,,,,,,,,549,,,,,,,,,,,,,,,,,,
,,,,,,,,550,,,,,,,,,,,,,,,,,,
,,,,,,,,551,,,,,,,,,,,,,,,,,,
,,,,,,,,552,,,,,,,,,,,,,,,,,,
,,,,,,,,553,,,,,,,,,,,,,,,,,,
,,,,,,,,554,,,,,,,,,,,,,,,,,,
,,,,,,,,555,,,,,,,,,,,,,,,,,,
,,,,,,,,556,,,,,,,,,,,,,,,,,,
,,,,,,,,557,,,,,,,,,,,,,,,,,,
,,,,,,,,558,,,,,,,,,,,,,,,,,,
,,,,,,,,559,,,,,,,,,,,,,,,,,,
,,,,,,,,560,,,,,,,,,,,,,,,,,,
,,,,,,,,561,,,,,,,,,,,,,,,,,,
,,,,,,,,562,,,,,,,,,,,,,,,,,,
,,,,,,,,563,,,,,,,,,,,,,,,,,,
,,,,,,,,564,,,,,,,,,,,,,,,,,,
,,,,,,,,565,,,,,,,,,,,,,,,,,,
,,,,,,,,566,,,,,,,,,,,,,,,,,,
,,,,,,,,567,,,,,,,,,,,,,,,,,,
,,,,,,,,568,,,,,,,,,,,,,,,,,,
,,,,,,,,569,,,,,,,,,,,,,,,,,,
,,,,,,,,570,,,,,,,,,,,,,,,,,,
,,,,,,,,571,,,,,,,,,,,,,,,,,,
,,,,,,,,572,,,,,,,,,,,,,,,,,,
,,,,,,,,573,,,,,,,,,,,,,,,,,,
,,,,,,,,574,,,,,,,,,,,,,,,,,,
,,,,,,,,575,,,,,,,,,,,,,,,,,,
,,,,,,,,576,,,,,,,,,,,,,,,,,,
,,,,,,,,577,,,,,,,,,,,,,,,,,,
,,,,,,,,578,,,,,,,,,,,,,,,,,,
,,,,,,,,579,,,,,,,,,,,,,,,,,,
,,,,,,,,580,,,,,,,,,,,,,,,,,,
,,,,,,,,581,,,,,,,,,,,,,,,,,,
,,,,,,,,582,,,,,,,,,,,,,,,,,,
,,,,,,,,583,,,,,,,,,,,,,,,,,,
,,,,,,,,584,,,,,,,,,,,,,,,,,,
,,,,,,,,585,,,,,,,,,,,,,,,,,,
,,,,,,,,586,,,,,,,,,,,,,,,,,,
,,,,,,,,587,,,,,,,,,,,,,,,,,,
,,,,,,,,588,,,,,,,,,,,,,,,,,,
,,,,,,,,589,,,,,,,,,,,,,,,,,,
,,,,,,,,590,,,,,,,,,,,,,,,,,,
,,,,,,,,591,,,,,,,,,,,,,,,,,,
,,,,,,,,592,,,,,,,,,,,,,,,,,,
,,,,,,,,593,,,,,,,,,,,,,,,,,,
,,,,,,,,594,,,,,,,,,,,,,,,,,,
,,,,,,,,595,,,,,,,,,,,,,,,,,,
,,,,,,,,596,,,,,,,,,,,,,,,,,,
,,,,,,,,597,,,,,,,,,,,,,,,,,,
,,,,,,,,598,,,,,,,,,,,,,,,,,,
,,,,,,,,599,,,,,,,,,,,,,,,,,,
,,,,,,,,600,,,,,,,,,,,,,,,,,,
,,,,,,,,601,,,,,,,,,,,,,,,,,,
,,,,,,,,602,,,,,,,,,,,,,,,,,,
,,,,,,,,603,,,,,,,,,,,,,,,,,,
,,,,,,,,604,,,,,,,,,,,,,,,,,,
,,,,,,,,605,,,,,,,,,,,,,,,,,,
,,,,,,,,606,,,,,,,,,,,,,,,,,,
,,,,,,,,607,,,,,,,,,,,,,,,,,,
,,,,,,,,608,,,,,,,,,,,,,,,,,,
,,,,,,,,609,,,,,,,,,,,,,,,,,,
,,,,,,,,610,,,,,,,,,,,,,,,,,,
,,,,,,,,611,,,,,,,,,,,,,,,,,,
,,,,,,,,612,,,,,,,,,,,,,,,,,,
,,,,,,,,613,,,,,,,,,,,,,,,,,,
,,,,,,,,614,,,,,,,,,,,,,,,,,,
,,,,,,,,615,,,,,,,,,,,,,,,,,,
,,,,,,,,616,,,,,,,,,,,,,,,,,,
,,,,,,,,617,,,,,,,,,,,,,,,,,,
,,,,,,,,618,,,,,,,,,,,,,,,,,,
,,,,,,,,619,,,,,,,,,,,,,,,,,,
,,,,,,,,620,,,,,,,,,,,,,,,,,,
,,,,,,,,621,,,,,,,,,,,,,,,,,,
,,,,,,,,622,,,,,,,,,,,,,,,,,,
,,,,,,,,623,,,,,,,,,,,,,,,,,,
,,,,,,,,624,,,,,,,,,,,,,,,,,,
,,,,,,,,625,,,,,,,,,,,,,,,,,,
,,,,,,,,626,,,,,,,,,,,,,,,,,,
,,,,,,,,627,,,,,,,,,,,,,,,,,,
,,,,,,,,628,,,,,,,,,,,,,,,,,,
,,,,,,,,629,,,,,,,,,,,,,,,,,,
,,,,,,,,630,,,,,,,,,,,,,,,,,,
,,,,,,,,631,,,,,,,,,,,,,,,,,,
,,,,,,,,632,,,,,,,,,,,,,,,,,,
,,,,,,,,633,,,,,,,,,,,,,,,,,,
,,,,,,,,634,,,,,,,,,,,,,,,,,,
,,,,,,,,635,,,,,,,,,,,,,,,,,,
,,,,,,,,636,,,,,,,,,,,,,,,,,,
,,,,,,,,637,,,,,,,,,,,,,,,,,,
,,,,,,,,638,,,,,,,,,,,,,,,,,,
,,,,,,,,639,,,,,,,,,,,,,,,,,,
,,,,,,,,640,,,,,,,,,,,,,,,,,,
,,,,,,,,641,,,,,,,,,,,,,,,,,,
,,,,,,,,642,,,,,,,,,,,,,,,,,,
,,,,,,,,643,,,,,,,,,,,,,,,,,,
,,,,,,,,644,,,,,,,,,,,,,,,,,,
,,,,,,,,645,,,,,,,,,,,,,,,,,,
,,,,,,,,646,,,,,,,,,,,,,,,,,,
,,,,,,,,647,,,,,,,,,,,,,,,,,,
,,,,,,,,648,,,,,,,,,,,,,,,,,,
,,,,,,,,649,,,,,,,,,,,,,,,,,,
,,,,,,,,650,,,,,,,,,,,,,,,,,,
,,,,,,,,651,,,,,,,,,,,,,,,,,,
,,,,,,,,652,,,,,,,,,,,,,,,,,,
,,,,,,,,653,,,,,,,,,,,,,,,,,,
,,,,,,,,654,,,,,,,,,,,,,,,,,,
,,,,,,,,655,,,,,,,,,,,,,,,,,,
,,,,,,,,656,,,,,,,,,,,,,,,,,,
,,,,,,,,657,,,,,,,,,,,,,,,,,,
,,,,,,,,658,,,,,,,,,,,,,,,,,,
,,,,,,,,659,,,,,,,,,,,,,,,,,,
,,,,,,,,660,,,,,,,,,,,,,,,,,,
,,,,,,,,661,,,,,,,,,,,,,,,,,,
,,,,,,,,662,,,,,,,,,,,,,,,,,,
,,,,,,,,663,,,,,,,,,,,,,,,,,,
,,,,,,,,664,,,,,,,,,,,,,,,,,,
,,,,,,,,665,,,,,,,,,,,,,,,,,,
,,,,,,,,666,,,,,,,,,,,,,,,,,,
,,,,,,,,667,,,,,,,,,,,,,,,,,,
,,,,,,,,668,,,,,,,,,,,,,,,,,,
,,,,,,,,669,,,,,,,,,,,,,,,,,,
,,,,,,,,670,,,,,,,,,,,,,,,,,,
,,,,,,,,671,,,,,,,,,,,,,,,,,,
,,,,,,,,672,,,,,,,,,,,,,,,,,,
,,,,,,,,673,,,,,,,,,,,,,,,,,,
,,,,,,,,674,,,,,,,,,,,,,,,,,,
,,,,,,,,675,,,,,,,,,,,,,,,,,,
,,,,,,,,676,,,,,,,,,,,,,,,,,,
,,,,,,,,677,,,,,,,,,,,,,,,,,,
,,,,,,,,678,,,,,,,,,,,,,,,,,,
,,,,,,,,679,,,,,,,,,,,,,,,,,,
,,,,,,,,680,,,,,,,,,,,,,,,,,,
,,,,,,,,681,,,,,,,,,,,,,,,,,,
,,,,,,,,682,,,,,,,,,,,,,,,,,,
,,,,,,,,683,,,,,,,,,,,,,,,,,,
,,,,,,,,684,,,,,,,,,,,,,,,,,,
,,,,,,,,685,,,,,,,,,,,,,,,,,,
,,,,,,,,686,,,,,,,,,,,,,,,,,,
,,,,,,,,687,,,,,,,,,,,,,,,,,,
,,,,,,,,688,,,,,,,,,,,,,,,,,,
,,,,,,,,689,,,,,,,,,,,,,,,,,,
,,,,,,,,690,,,,,,,,,,,,,,,,,,
,,,,,,,,691,,,,,,,,,,,,,,,,,,
,,,,,,,,692,,,,,,,,,,,,,,,,,,
,,,,,,,,693,,,,,,,,,,,,,,,,,,
,,,,,,,,694,,,,,,,,,,,,,,,,,,
,,,,,,,,695,,,,,,,,,,,,,,,,,,
,,,,,,,,696,,,,,,,,,,,,,,,,,,
,,,,,,,,697,,,,,,,,,,,,,,,,,,
,,,,,,,,698,,,,,,,,,,,,,,,,,,
,,,,,,,,699,,,,,,,,,,,,,,,,,,
,,,,,,,,700,,,,,,,,,,,,,,,,,,
,,,,,,,,701,,,,,,,,,,,,,,,,,,
,,,,,,,,702,,,,,,,,,,,,,,,,,,
,,,,,,,,703,,,,,,,,,,,,,,,,,,
,,,,,,,,704,,,,,,,,,,,,,,,,,,
,,,,,,,,705,,,,,,,,,,,,,,,,,,
,,,,,,,,706,,,,,,,,,,,,,,,,,,
,,,,,,,,707,,,,,,,,,,,,,,,,,,
,,,,,,,,708,,,,,,,,,,,,,,,,,,
,,,,,,,,709,,,,,,,,,,,,,,,,,,
,,,,,,,,710,,,,,,,,,,,,,,,,,,
,,,,,,,,711,,,,,,,,,,,,,,,,,,
,,,,,,,,712,,,,,,,,,,,,,,,,,,
,,,,,,,,713,,,,,,,,,,,,,,,,,,
,,,,,,,,714,,,,,,,,,,,,,,,,,,
,,,,,,,,715,,,,,,,,,,,,,,,,,,
,,,,,,,,716,,,,,,,,,,,,,,,,,,
,,,,,,,,717,,,,,,,,,,,,,,,,,,
,,,,,,,,718,,,,,,,,,,,,,,,,,,
,,,,,,,,719,,,,,,,,,,,,,,,,,,
,,,,,,,,720,,,,,,,,,,,,,,,,,,
,,,,,,,,721,,,,,,,,,,,,,,,,,,
,,,,,,,,722,,,,,,,,,,,,,,,,,,
,,,,,,,,723,,,,,,,,,,,,,,,,,,
,,,,,,,,724,,,,,,,,,,,,,,,,,,
,,,,,,,,725,,,,,,,,,,,,,,,,,,
,,,,,,,,726,,,,,,,,,,,,,,,,,,
,,,,,,,,727,,,,,,,,,,,,,,,,,,
,,,,,,,,728,,,,,,,,,,,,,,,,,,
,,,,,,,,729,,,,,,,,,,,,,,,,,,
,,,,,,,,730,,,,,,,,,,,,,,,,,,
,,,,,,,,731,,,,,,,,,,,,,,,,,,
,,,,,,,,732,,,,,,,,,,,,,,,,,,
,,,,,,,,733,,,,,,,,,,,,,,,,,,
,,,,,,,,734,,,,,,,,,,,,,,,,,,
,,,,,,,,735,,,,,,,,,,,,,,,,,,
,,,,,,,,736,,,,,,,,,,,,,,,,,,
,,,,,,,,737,,,,,,,,,,,,,,,,,,
,,,,,,,,738,,,,,,,,,,,,,,,,,,
,,,,,,,,739,,,,,,,,,,,,,,,,,,
,,,,,,,,740,,,,,,,,,,,,,,,,,,
,,,,,,,,741,,,,,,,,,,,,,,,,,,
,,,,,,,,742,,,,,,,,,,,,,,,,,,
,,,,,,,,743,,,,,,,,,,,,,,,,,,
,,,,,,,,744,,,,,,,,,,,,,,,,,,
,,,,,,,,745,,,,,,,,,,,,,,,,,,
,,,,,,,,746,,,,,,,,,,,,,,,,,,
,,,,,,,,747,,,,,,,,,,,,,,,,,,
,,,,,,,,748,,,,,,,,,,,,,,,,,,
,,,,,,,,749,,,,,,,,,,,,,,,,,,
,,,,,,,,750,,,,,,,,,,,,,,,,,,
,,,,,,,,751,,,,,,,,,,,,,,,,,,
,,,,,,,,752,,,,,,,,,,,,,,,,,,
,,,,,,,,753,,,,,,,,,,,,,,,,,,
,,,,,,,,754,,,,,,,,,,,,,,,,,,
,,,,,,,,755,,,,,,,,,,,,,,,,,,
,,,,,,,,756,,,,,,,,,,,,,,,,,,
,,,,,,,,757,,,,,,,,,,,,,,,,,,
,,,,,,,,758,,,,,,,,,,,,,,,,,,
,,,,,,,,759,,,,,,,,,,,,,,,,,,
,,,,,,,,760,,,,,,,,,,,,,,,,,,
,,,,,,,,761,,,,,,,,,,,,,,,,,,
,,,,,,,,762,,,,,,,,,,,,,,,,,,
,,,,,,,,763,,,,,,,,,,,,,,,,,,
,,,,,,,,764,,,,,,,,,,,,,,,,,,
,,,,,,,,765,,,,,,,,,,,,,,,,,,
,,,,,,,,766,,,,,,,,,,,,,,,,,,
,,,,,,,,767,,,,,,,,,,,,,,,,,,
,,,,,,,,768,,,,,,,,,,,,,,,,,,
,,,,,,,,769,,,,,,,,,,,,,,,,,,
,,,,,,,,770,,,,,,,,,,,,,,,,,,
,,,,,,,,771,,,,,,,,,,,,,,,,,,
,,,,,,,,772,,,,,,,,,,,,,,,,,,
,,,,,,,,773,,,,,,,,,,,,,,,,,,
,,,,,,,,774,,,,,,,,,,,,,,,,,,
,,,,,,,,775,,,,,,,,,,,,,,,,,,
,,,,,,,,776,,,,,,,,,,,,,,,,,,
,,,,,,,,777,,,,,,,,,,,,,,,,,,
,,,,,,,,778,,,,,,,,,,,,,,,,,,
,,,,,,,,779,,,,,,,,,,,,,,,,,,
,,,,,,,,780,,,,,,,,,,,,,,,,,,
,,,,,,,,781,,,,,,,,,,,,,,,,,,
,,,,,,,,782,,,,,,,,,,,,,,,,,,
,,,,,,,,783,,,,,,,,,,,,,,,,,,
,,,,,,,,784,,,,,,,,,,,,,,,,,,
,,,,,,,,785,,,,,,,,,,,,,,,,,,
,,,,,,,,786,,,,,,,,,,,,,,,,,,
,,,,,,,,787,,,,,,,,,,,,,,,,,,
,,,,,,,,788,,,,,,,,,,,,,,,,,,
,,,,,,,,789,,,,,,,,,,,,,,,,,,
,,,,,,,,790,,,,,,,,,,,,,,,,,,
,,,,,,,,791,,,,,,,,,,,,,,,,,,
,,,,,,,,792,,,,,,,,,,,,,,,,,,
,,,,,,,,793,,,,,,,,,,,,,,,,,,
,,,,,,,,794,,,,,,,,,,,,,,,,,,
,,,,,,,,795,,,,,,,,,,,,,,,,,,
,,,,,,,,796,,,,,,,,,,,,,,,,,,
,,,,,,,,797,,,,,,,,,,,,,,,,,,
,,,,,,,,798,,,,,,,,,,,,,,,,,,
,,,,,,,,799,,,,,,,,,,,,,,,,,,
,,,,,,,,800,,,,,,,,,,,,,,,,,,
,,,,,,,,801,,,,,,,,,,,,,,,,,,
,,,,,,,,802,,,,,,,,,,,,,,,,,,
,,,,,,,,803,,,,,,,,,,,,,,,,,,
,,,,,,,,804,,,,,,,,,,,,,,,,,,
,,,,,,,,805,,,,,,,,,,,,,,,,,,
,,,,,,,,806,,,,,,,,,,,,,,,,,,
,,,,,,,,807,,,,,,,,,,,,,,,,,,
,,,,,,,,808,,,,,,,,,,,,,,,,,,
,,,,,,,,809,,,,,,,,,,,,,,,,,,
,,,,,,,,810,,,,,,,,,,,,,,,,,,
,,,,,,,,811,,,,,,,,,,,,,,,,,,
,,,,,,,,812,,,,,,,,,,,,,,,,,,
,,,,,,,,813,,,,,,,,,,,,,,,,,,
,,,,,,,,814,,,,,,,,,,,,,,,,,,
,,,,,,,,815,,,,,,,,,,,,,,,,,,
,,,,,,,,816,,,,,,,,,,,,,,,,,,
,,,,,,,,817,,,,,,,,,,,,,,,,,,
,,,,,,,,818,,,,,,,,,,,,,,,,,,
,,,,,,,,819,,,,,,,,,,,,,,,,,,
,,,,,,,,820,,,,,,,,,,,,,,,,,,
,,,,,,,,821,,,,,,,,,,,,,,,,,,
,,,,,,,,822,,,,,,,,,,,,,,,,,,
,,,,,,,,823,,,,,,,,,,,,,,,,,,
,,,,,,,,824,,,,,,,,,,,,,,,,,,
,,,,,,,,825,,,,,,,,,,,,,,,,,,
,,,,,,,,826,,,,,,,,,,,,,,,,,,
,,,,,,,,827,,,,,,,,,,,,,,,,,,
,,,,,,,,828,,,,,,,,,,,,,,,,,,
,,,,,,,,829,,,,,,,,,,,,,,,,,,
,,,,,,,,830,,,,,,,,,,,,,,,,,,
,,,,,,,,831,,,,,,,,,,,,,,,,,,
,,,,,,,,832,,,,,,,,,,,,,,,,,,
,,,,,,,,833,,,,,,,,,,,,,,,,,,
,,,,,,,,834,,,,,,,,,,,,,,,,,,
,,,,,,,,835,,,,,,,,,,,,,,,,,,
,,,,,,,,836,,,,,,,,,,,,,,,,,,
,,,,,,,,837,,,,,,,,,,,,,,,,,,
,,,,,,,,838,,,,,,,,,,,,,,,,,,
,,,,,,,,839,,,,,,,,,,,,,,,,,,
,,,,,,,,840,,,,,,,,,,,,,,,,,,
,,,,,,,,841,,,,,,,,,,,,,,,,,,
,,,,,,,,842,,,,,,,,,,,,,,,,,,
,,,,,,,,843,,,,,,,,,,,,,,,,,,
,,,,,,,,844,,,,,,,,,,,,,,,,,,
,,,,,,,,845,,,,,,,,,,,,,,,,,,
,,,,,,,,846,,,,,,,,,,,,,,,,,,
,,,,,,,,847,,,,,,,,,,,,,,,,,,
,,,,,,,,848,,,,,,,,,,,,,,,,,,
,,,,,,,,849,,,,,,,,,,,,,,,,,,
,,,,,,,,850,,,,,,,,,,,,,,,,,,
,,,,,,,,851,,,,,,,,,,,,,,,,,,
,,,,,,,,852,,,,,,,,,,,,,,,,,,
,,,,,,,,853,,,,,,,,,,,,,,,,,,
,,,,,,,,854,,,,,,,,,,,,,,,,,,
,,,,,,,,855,,,,,,,,,,,,,,,,,,
,,,,,,,,856,,,,,,,,,,,,,,,,,,
,,,,,,,,857,,,,,,,,,,,,,,,,,,
,,,,,,,,858,,,,,,,,,,,,,,,,,,
,,,,,,,,859,,,,,,,,,,,,,,,,,,
,,,,,,,,860,,,,,,,,,,,,,,,,,,
,,,,,,,,861,,,,,,,,,,,,,,,,,,
,,,,,,,,862,,,,,,,,,,,,,,,,,,
,,,,,,,,863,,,,,,,,,,,,,,,,,,
,,,,,,,,864,,,,,,,,,,,,,,,,,,
,,,,,,,,865,,,,,,,,,,,,,,,,,,
,,,,,,,,866,,,,,,,,,,,,,,,,,,
,,,,,,,,867,,,,,,,,,,,,,,,,,,
,,,,,,,,868,,,,,,,,,,,,,,,,,,
,,,,,,,,869,,,,,,,,,,,,,,,,,,
,,,,,,,,870,,,,,,,,,,,,,,,,,,
,,,,,,,,871,,,,,,,,,,,,,,,,,,
,,,,,,,,872,,,,,,,,,,,,,,,,,,
,,,,,,,,873,,,,,,,,,,,,,,,,,,
,,,,,,,,874,,,,,,,,,,,,,,,,,,
,,,,,,,,875,,,,,,,,,,,,,,,,,,
,,,,,,,,876,,,,,,,,,,,,,,,,,,
,,,,,,,,877,,,,,,,,,,,,,,,,,,
,,,,,,,,878,,,,,,,,,,,,,,,,,,
,,,,,,,,879,,,,,,,,,,,,,,,,,,
,,,,,,,,880,,,,,,,,,,,,,,,,,,
,,,,,,,,881,,,,,,,,,,,,,,,,,,
,,,,,,,,882,,,,,,,,,,,,,,,,,,
,,,,,,,,883,,,,,,,,,,,,,,,,,,
,,,,,,,,884,,,,,,,,,,,,,,,,,,
,,,,,,,,885,,,,,,,,,,,,,,,,,,
,,,,,,,,886,,,,,,,,,,,,,,,,,,
,,,,,,,,887,,,,,,,,,,,,,,,,,,
,,,,,,,,888,,,,,,,,,,,,,,,,,,
,,,,,,,,889,,,,,,,,,,,,,,,,,,
,,,,,,,,890,,,,,,,,,,,,,,,,,,
,,,,,,,,891,,,,,,,,,,,,,,,,,,
,,,,,,,,892,,,,,,,,,,,,,,,,,,
,,,,,,,,893,,,,,,,,,,,,,,,,,,
,,,,,,,,894,,,,,,,,,,,,,,,,,,
,,,,,,,,895,,,,,,,,,,,,,,,,,,
,,,,,,,,896,,,,,,,,,,,,,,,,,,
,,,,,,,,897,,,,,,,,,,,,,,,,,,
,,,,,,,,898,,,,,,,,,,,,,,,,,,
,,,,,,,,899,,,,,,,,,,,,,,,,,,
,,,,,,,,900,,,,,,,,,,,,,,,,,,
,,,,,,,,901,,,,,,,,,,,,,,,,,,
,,,,,,,,902,,,,,,,,,,,,,,,,,,
,,,,,,,,903,,,,,,,,,,,,,,,,,,
,,,,,,,,904,,,,,,,,,,,,,,,,,,
,,,,,,,,905,,,,,,,,,,,,,,,,,,
,,,,,,,,906,,,,,,,,,,,,,,,,,,
,,,,,,,,907,,,,,,,,,,,,,,,,,,
,,,,,,,,908,,,,,,,,,,,,,,,,,,
,,,,,,,,909,,,,,,,,,,,,,,,,,,
,,,,,,,,910,,,,,,,,,,,,,,,,,,
,,,,,,,,911,,,,,,,,,,,,,,,,,,
,,,,,,,,912,,,,,,,,,,,,,,,,,,
,,,,,,,,913,,,,,,,,,,,,,,,,,,
,,,,,,,,914,,,,,,,,,,,,,,,,,,
,,,,,,,,915,,,,,,,,,,,,,,,,,,
,,,,,,,,916,,,,,,,,,,,,,,,,,,
,,,,,,,,917,,,,,,,,,,,,,,,,,,
,,,,,,,,918,,,,,,,,,,,,,,,,,,
,,,,,,,,919,,,,,,,,,,,,,,,,,,
,,,,,,,,920,,,,,,,,,,,,,,,,,,
,,,,,,,,921,,,,,,,,,,,,,,,,,,
,,,,,,,,922,,,,,,,,,,,,,,,,,,
,,,,,,,,923,,,,,,,,,,,,,,,,,,
,,,,,,,,924,,,,,,,,,,,,,,,,,,
,,,,,,,,925,,,,,,,,,,,,,,,,,,
,,,,,,,,926,,,,,,,,,,,,,,,,,,
,,,,,,,,927,,,,,,,,,,,,,,,,,,
,,,,,,,,928,,,,,,,,,,,,,,,,,,
,,,,,,,,929,,,,,,,,,,,,,,,,,,
,,,,,,,,930,,,,,,,,,,,,,,,,,,
,,,,,,,,931,,,,,,,,,,,,,,,,,,
,,,,,,,,932,,,,,,,,,,,,,,,,,,
,,,,,,,,933,,,,,,,,,,,,,,,,,,
,,,,,,,,934,,,,,,,,,,,,,,,,,,
,,,,,,,,935,,,,,,,,,,,,,,,,,,
,,,,,,,,936,,,,,,,,,,,,,,,,,,
,,,,,,,,937,,,,,,,,,,,,,,,,,,
,,,,,,,,938,,,,,,,,,,,,,,,,,,
,,,,,,,,939,,,,,,,,,,,,,,,,,,
,,,,,,,,940,,,,,,,,,,,,,,,,,,
,,,,,,,,941,,,,,,,,,,,,,,,,,,
,,,,,,,,942,,,,,,,,,,,,,,,,,,
,,,,,,,,943,,,,,,,,,,,,,,,,,,
,,,,,,,,944,,,,,,,,,,,,,,,,,,